Passenger Name,Train ID,Number of Tickets
John Doe,TR001,2
Emily Clark,TR001,3
Michael Green,TR001,1
Sophia Martinez,TR001,4
Liam Turner,TR001,2
Olivia White,TR002,5
Noah Harris,TR002,1
Ava Lewis,TR002,3
James Walker,TR002,2
Isabella Hall,TR002,4
Ethan Allen,TR003,2
Mia Scott,TR003,3
Alexander Young,TR003,4
Charlotte King,TR003,1
Benjamin Wright,TR003,5
Amelia Adams,TR004,3
Lucas Evans,TR004,2
Harper Collins,TR004,4
Logan Hill,TR004,1
Evelyn Nelson,TR004,5
William Carter,TR005,2
Sophia Brown,TR005,3
James Green,TR005,4
Olivia Clark,TR005,1
Benjamin Lewis,TR005,5
oah Harris,TR002,1
Ava Lewis,TR002,3
James Walker,TR002,2
Isabella Hall,TR002,4
Ethan Allen,TR003,2
Benjamin Lewis,TR005,5
Amelia Adams,TR004,3
Lucas Evans,TR004,2
Harper Collins,TR004,4
Logan Hill,TR004,1
Evelyn Nelson,TR004,5
William Carter,TR005,2
Sophia Brown,TR005,3
James Green,TR005,4
Olivia Clark,TR005,1
Benjamin Lewis,TR005,5
oah Harris,TR002,1
Ava Lewis,TR002,3
James Walker,TR002,2
Isabella Hall,TR002,4
Ethan Allen,TR003,2
Mia Scott,TR003,3
Alexander Young,TR003,4
Charlotte King,TR003,1